WBcode,WBname,COWabb,COWcode,COWname,Income,MENAAFG,Afghanistan,AFG,700,Afghanistan,Low,0ALB,Albania,ALB,339,Albania,Upper-Middle,0DZA,Algeria,ALG,615,Algeria,Upper-Middle,1ADO,Andorra,AND,232,Andorra,High,0AGO,Angola,ANG,540,Angola,Upper-Middle,0ATG,Antigua and Barbuda,AAB,58,Antigua & Barbuda,High,0ARG,Argentina,ARG,160,Argentina,High,0ARM,Armenia,ARM,371,Armenia,Low-Middle,0AUS,Australia,AUL,900,Australia,High,0AUT,Austria,AUS,305,Austria,High,0NA,NA,AUH,300,Austria-Hungary,NA,0AZE,Azerbaijan,AZE,373,Azerbaijan,Upper-Middle,0NA,NA,BAD,267,Baden,NA,0BHS,"Bahamas, The",BHM,31,Bahamas,High,0BHR,Bahrain,BAH,692,Bahrain,High,1BGD,Bangladesh,BNG,771,Bangladesh,Low-Middle,0BRB,Barbados,BAR,53,Barbados,High,0NA,NA,BAV,245,Bavaria,NA,0BLR,Belarus,BLR,370,Belarus,Upper-Middle,0BEL,Belgium,BEL,211,Belgium,High,0BLZ,Belize,BLZ,80,Belize,Upper-Middle,0BEN,Benin,BEN,434,Benin,Low,0BTN,Bhutan,BHU,760,Bhutan,Low-Middle,0BOL,Bolivia,BOL,145,Bolivia,Low-Middle,0BIH,Bosnia and Herzegovina,BOS,346,Bosnia and Herzegovina,Upper-Middle,0BWA,Botswana,BOT,571,Botswana,Upper-Middle,0BRA,Brazil,BRA,140,Brazil,Upper-Middle,0BRN,Brunei Darussalam,BRU,835,Brunei,High,0BGR,Bulgaria,BUL,355,Bulgaria,Upper-Middle,0BFA,Burkina Faso,BFO,439,Burkina Faso,Low,0BDI,Burundi,BUI,516,Burundi,Low,0KHM,Cambodia,CAM,811,Cambodia,Low,0CMR,Cameroon,CAO,471,Cameroon,Low-Middle,0CAN,Canada,CAN,20,Canada,High,0CPV,Cape Verde,CAP,402,Cape Verde,NA,0CAF,Central African Republic,CEN,482,Central African Republic,Low,0TCD,Chad,CHA,483,Chad,Low,0CHL,Chile,CHL,155,Chile,High,0CHN,China,CHN,710,China,Upper-Middle,0COL,Colombia,COL,100,Colombia,Upper-Middle,0COM,Comoros,COM,581,Comoros,Low,0COG,"Congo, Rep.",CON,484,Congo,Low-Middle,0CRI,Costa Rica,COS,94,Costa Rica,Upper-Middle,0HRV,Croatia,CRO,344,Croatia,High,0CUB,Cuba,CUB,40,Cuba,Upper-Middle,0CYP,Cyprus,CYP,352,Cyprus,High,0CZE,Czech Republic,CZR,316,Czech Republic,High,0NA,NA,CZE,315,Czechoslovakia,NA,0ZAR,"Congo, Dem. Rep.",DRC,490,Democratic Republic of the Congo,Low,0DNK,Denmark,DEN,390,Denmark,High,0DJI,Djibouti,DJI,522,Djibouti,Low-Middle,0DMA,Dominica,DMA,54,Dominica,Upper-Middle,0DOM,Dominican Republic,DOM,42,Dominican Republic,Upper-Middle,0TMP,Timor-Leste,ETM,860,East Timor,Low-Middle,0ECU,Ecuador,ECU,130,Ecuador,Upper-Middle,0EGY,"Egypt, Arab Rep.",EGY,651,Egypt,Low-Middle,1SLV,El Salvador,SAL,92,El Salvador,Low-Middle,0GNQ,Equatorial Guinea,EQG,411,Equatorial Guinea,High,0ERI,Eritrea,ERI,531,Eritrea,Low,0EST,Estonia,EST,366,Estonia,High,0ETH,Ethiopia,ETH,530,Ethiopia,Low,0FSM,"Micronesia, Fed. Sts.",FSM,987,Federated States of Micronesia,Low-Middle,0FJI,Fiji,FIJ,950,Fiji,Upper-Middle,0FIN,Finland,FIN,375,Finland,High,0FRA,France,FRN,220,France,High,0GAB,Gabon,GAB,481,Gabon,Upper-Middle,0GMB,"Gambia, The",GAM,420,Gambia,Low,0GEO,Georgia,GRG,372,Georgia,Low-Middle,0NA,NA,GDR,265,German Democratic Republic,NA,0NA,NA,GFR,260,German Federal Republic,NA,0DEU,Germany,GMY,255,Germany,High,0GHA,Ghana,GHA,452,Ghana,Low-Middle,0GRC,Greece,GRC,350,Greece,High,0GRD,Grenada,GRN,55,Grenada,Upper-Middle,0GTM,Guatemala,GUA,90,Guatemala,Low-Middle,0GIN,Guinea,GUI,438,Guinea,Low,0GNB,Guinea-Bissau,GNB,404,Guinea-Bissau,Low,0GUY,Guyana,GUY,110,Guyana,Low-Middle,0HTI,Haiti,HAI,41,Haiti,Low,0NA,NA,HAN,240,Hanover,NA,0NA,NA,HSE,273,Hesse Electoral,NA,0NA,NA,HSG,275,Hesse Grand Ducal,NA,0HND,Honduras,HON,91,Honduras,Low-Middle,0HUN,Hungary,HUN,310,Hungary,High,0ISL,Iceland,ICE,395,Iceland,High,0IND,India,IND,750,India,Low-Middle,0IDN,Indonesia,INS,850,Indonesia,Low-Middle,0IRN,"Iran, Islamic Rep.",IRN,630,Iran,Upper-Middle,1IRQ,Iraq,IRQ,645,Iraq,Upper-Middle,1IRL,Ireland,IRE,205,Ireland,High,0ISR,Israel,ISR,666,Israel and Palestine,High,1ITA,Italy,ITA,325,Italy,High,0CIV,Cote d'Ivoire,CDI,437,Ivory Coast,Low-Middle,0JAM,Jamaica,JAM,51,Jamaica,Upper-Middle,0JPN,Japan,JPN,740,Japan,High,0JOR,Jordan,JOR,663,Jordan,Upper-Middle,1KAZ,Kazakhstan,KZK,705,Kazakhstan,Upper-Middle,0KEN,Kenya,KEN,501,Kenya,Low-Middle,0KIR,Kiribati,KIR,946,Kiribati,Low-Middle,0NA,NA,KOR,730,Korea,NA,0KSV,Kosovo,KOS,347,Kosovo,Low-Middle,0KWT,Kuwait,KUW,690,Kuwait,High,1KGZ,Kyrgyz Republic,KYR,703,Kyrgyzstan,Low-Middle,0LAO,Lao PDR,LAO,812,Laos,Low-Middle,0LVA,Latvia,LAT,367,Latvia,High,0LBN,Lebanon,LEB,660,Lebanon,Upper-Middle,1LSO,Lesotho,LES,570,Lesotho,Low-Middle,0LBR,Liberia,LBR,450,Liberia,Low,0LBY,Libya,LIB,620,Libya,Upper-Middle,1LIE,Liechtenstein,LIE,223,Liechtenstein,High,0LTU,Lithuania,LIT,368,Lithuania,High,0LUX,Luxembourg,LUX,212,Luxembourg,High,0MKD,"Macedonia, FYR",MAC,343,Macedonia,Upper-Middle,0MDG,Madagascar,MAG,580,Madagascar,Low,0MWI,Malawi,MAW,553,Malawi,Low,0MYS,Malaysia,MAL,820,Malaysia,Upper-Middle,0MDV,Maldives,MAD,781,Maldives,Upper-Middle,0MLI,Mali,MLI,432,Mali,Low,0MLT,Malta,MLT,338,Malta,High,0MHL,Marshall Islands,MSI,983,Marshall Islands,Upper-Middle,0MRT,Mauritania,MAA,435,Mauritania,Low-Middle,0MUS,Mauritius,MAS,590,Mauritius,Upper-Middle,0NA,NA,MEC,280,Mecklenburg Schwerin,NA,0MEX,Mexico,MEX,70,Mexico,Upper-Middle,0NA,NA,MOD,332,Modena,NA,0MDA,Moldova,MLD,359,Moldova,Low-Middle,0MCO,Monaco,MNC,221,Monaco,High,0MNG,Mongolia,MON,712,Mongolia,Upper-Middle,0MNE,Montenegro,MNG,341,Montenegro,Upper-Middle,0MAR,Morocco,MOR,600,Morocco and Western Sahara,Low-Middle,1MOZ,Mozambique,MZM,541,Mozambique,Low,0MMR,Myanmar,MYA,775,Myanmar,Low-Middle,0ABW,Aruba,NA,NA,NA,High,0ANT,Netherlands Antilles,NA,NA,NA,NA,0SRB,Serbia,NA,NA,NA,Upper-Middle,0WBG,West Bank and Gaza,NA,NA,NA,NA,0NAM,Namibia,NAM,565,Namibia,Upper-Middle,0NA,NA,NAU,970,Nauru,NA,0NPL,Nepal,NEP,790,Nepal,Low,0NLD,Netherlands,NTH,210,Netherlands,High,0NZL,New Zealand,NEW,920,New Zealand,High,0NIC,Nicaragua,NIC,93,Nicaragua,Low-Middle,0NER,Niger,NIR,436,Niger,Low,0NGA,Nigeria,NIG,475,Nigeria,Low-Middle,0PRK,"Korea, Dem. Rep.",PRK,731,North Korea,Low,0NOR,Norway,NOR,385,Norway,High,0OMN,Oman,OMA,698,Oman,High,1PAK,Pakistan,PAK,770,Pakistan,Low-Middle,0PLW,Palau,PAL,986,Palau,Upper-Middle,0PAN,Panama,PAN,95,Panama,Upper-Middle,0NA,NA,PAP,327,Papal States,NA,0PNG,Papua New Guinea,PNG,910,Papua New Guinea,Low-Middle,0PRY,Paraguay,PAR,150,Paraguay,Upper-Middle,0NA,NA,PMA,335,Parma,NA,0PER,Peru,PER,135,Peru,Upper-Middle,0PHL,Philippines,PHI,840,Philippines,Low-Middle,0POL,Poland,POL,290,Poland,High,0PRT,Portugal,POR,235,Portugal,High,0QAT,Qatar,QAT,694,Qatar,High,1NA,NA,RVN,817,Republic of Vietnam,NA,0ROM,Romania,ROM,360,Romania,Upper-Middle,0RUS,Russian Federation,RUS,365,Russia,High,0RWA,Rwanda,RWA,517,Rwanda,Low,0WSM,Samoa,WSM,990,Samoa,Low-Middle,0SMR,San Marino,SNM,331,San Marino,High,0STP,Sao Tome and Principe,STP,403,Sao Tome and Principe,Low-Middle,0SAU,Saudi Arabia,SAU,670,Saudi Arabia,High,1NA,NA,SAX,269,Saxony,NA,0SEN,Senegal,SEN,433,Senegal,Low-Middle,0SYC,Seychelles,SEY,591,Seychelles,High,0SLE,Sierra Leone,SIE,451,Sierra Leone,Low,0SGP,Singapore,SIN,830,Singapore,High,0SVK,Slovak Republic,SLO,317,Slovakia,High,0SVN,Slovenia,SLV,349,Slovenia,High,0SLB,Solomon Islands,SOL,940,Solomon Islands,Low-Middle,0SOM,Somalia,SOM,520,Somalia,Low,0ZAF,South Africa,SAF,560,South Africa,Upper-Middle,0KOR,"Korea, Rep.",ROK,732,South Korea,High,0ESP,Spain,SPN,230,Spain,High,0LKA,Sri Lanka,SRI,780,Sri Lanka,Low-Middle,0KNA,St. Kitts and Nevis,SKN,60,St. Kitts and Nevis,High,0LCA,St. Lucia,SLU,56,St. Lucia,Upper-Middle,0VCT,St. Vincent and the Grenadines,SVG,57,St. Vincent and the Grenadines,Upper-Middle,0SDN,Sudan,SUD,625,Sudan,Low-Middle,0SUR,Suriname,SUR,115,Suriname,Upper-Middle,0SWZ,Swaziland,SWA,572,Swaziland,Low-Middle,0SWE,Sweden,SWD,380,Sweden,High,0CHE,Switzerland,SWZ,225,Switzerland,High,0SYR,Syrian Arab Republic,SYR,652,Syria,Low-Middle,1NA,NA,TAW,713,Taiwan,High,0TJK,Tajikistan,TAJ,702,Tajikistan,Low-Middle,0TZA,Tanzania,TAZ,510,Tanzania,Low,0THA,Thailand,THI,800,Thailand,Upper-Middle,0TGO,Togo,TOG,461,Togo,Low,0TON,Tonga,TON,955,Tonga,Upper-Middle,0TTO,Trinidad and Tobago,TRI,52,Trinidad and Tobago,High,0TUN,Tunisia,TUN,616,Tunisia,Upper-Middle,1TUR,Turkey,TUR,640,Turkey,Upper-Middle,1TKM,Turkmenistan,TKM,701,Turkmenistan,Upper-Middle,0NA,NA,TUS,337,Tuscany,NA,0TUV,Tuvalu,TUV,947,Tuvalu,Upper-Middle,0NA,NA,SIC,329,Two Sicilies,NA,0ARE,United Arab Emirates,UAE,696,UAE,High,1UGA,Uganda,UGA,500,Uganda,Low,0UKR,Ukraine,UKR,369,Ukraine,Low-Middle,0GBR,United Kingdom,UKG,200,United Kingdom,High,0USA,United States,USA,2,United States of America,High,0URY,Uruguay,URU,165,Uruguay,High,0UZB,Uzbekistan,UZB,704,Uzbekistan,Low-Middle,0VUT,Vanuatu,VAN,935,Vanuatu,Low-Middle,0VEN,"Venezuela, RB",VEN,101,Venezuela,High,0VNM,Vietnam,DRV,816,Vietnam,Low-Middle,0NA,NA,WRT,271,Wuerttemburg,NA,0YEM,"Yemen, Rep.",YEM,679,Yemen,Low-Middle,1NA,NA,YAR,678,Yemen Arab Republic,NA,0NA,NA,YPR,680,Yemen People's Republic,NA,0NA,NA,YUG,345,Yugoslavia,NA,0ZMB,Zambia,ZAM,551,Zambia,Low-Middle,0NA,NA,ZAN,511,Zanzibar,NA,0ZWE,Zimbabwe,ZIM,552,Zimbabwe,Low,0